game,model,metric,mean,std,var,median,max,min,skew
adventuregame,LLaMA2-13B-Tiefighter,Aborted,1.0,0.0,0.0,1.0,1.0,1.0,0.0
adventuregame,LLaMA2-13B-Tiefighter,Lose,0.0,0.0,0.0,0.0,0.0,0.0,0.0
adventuregame,LLaMA2-13B-Tiefighter,Main Score,0.0,0.0,0.0,0.0,0.0,0.0,0.0
adventuregame,LLaMA2-13B-Tiefighter,Parsed Request Count,0.0,0.0,0.0,0.0,0.0,0.0,0.0
adventuregame,LLaMA2-13B-Tiefighter,Played,0.0,0.0,0.0,0.0,0.0,0.0,0.0
adventuregame,LLaMA2-13B-Tiefighter,Request Count,1.0,0.0,0.0,1.0,1.0,1.0,0.0
adventuregame,LLaMA2-13B-Tiefighter,Request Success Ratio,0.0,0.0,0.0,0.0,0.0,0.0,0.0
adventuregame,LLaMA2-13B-Tiefighter,Success,0.0,0.0,0.0,0.0,0.0,0.0,0.0
adventuregame,LLaMA2-13B-Tiefighter,Violated Request Count,1.0,0.0,0.0,1.0,1.0,1.0,0.0
adventuregame,LLaMA2-13B-Tiefighter,achieved_goal_ratio,0.0,0.0,0.0,0.0,0.0,0.0,0.0
adventuregame,LLaMA2-13B-Tiefighter,action_parsing_fail,0.0,0.0,0.0,0.0,0.0,0.0,0.0
adventuregame,LLaMA2-13B-Tiefighter,action_resolution_fail,0.0,0.0,0.0,0.0,0.0,0.0,0.0
adventuregame,LLaMA2-13B-Tiefighter,bad_plan_dismiss_ratio,1.0,0.0,0.0,1.0,1.0,1.0,0.0
adventuregame,LLaMA2-13B-Tiefighter,bad_plan_follow_ratio,0.0,0.0,0.0,0.0,0.0,0.0,0.0
adventuregame,LLaMA2-13B-Tiefighter,entity_already_inventory,0.0,0.0,0.0,0.0,0.0,0.0,0.0
adventuregame,LLaMA2-13B-Tiefighter,entity_not_accessible,0.0,0.0,0.0,0.0,0.0,0.0,0.0
adventuregame,LLaMA2-13B-Tiefighter,finish_speed,,,,,,,
adventuregame,LLaMA2-13B-Tiefighter,going_to_current_room,0.0,0.0,0.0,0.0,0.0,0.0,0.0
adventuregame,LLaMA2-13B-Tiefighter,hallucination_count,0.0,0.0,0.0,0.0,0.0,0.0,0.0
adventuregame,LLaMA2-13B-Tiefighter,lark_exception,0.0,0.0,0.0,0.0,0.0,0.0,0.0
adventuregame,LLaMA2-13B-Tiefighter,malformed_command,0.0,0.0,0.0,0.0,0.0,0.0,0.0
adventuregame,LLaMA2-13B-Tiefighter,manipulating_room,0.0,0.0,0.0,0.0,0.0,0.0,0.0
adventuregame,LLaMA2-13B-Tiefighter,multiple_entity_ambiguity,0.0,0.0,0.0,0.0,0.0,0.0,0.0
adventuregame,LLaMA2-13B-Tiefighter,multiple_exits_to,0.0,0.0,0.0,0.0,0.0,0.0,0.0
adventuregame,LLaMA2-13B-Tiefighter,no_exit_to,0.0,0.0,0.0,0.0,0.0,0.0,0.0
adventuregame,LLaMA2-13B-Tiefighter,not_room_type,0.0,0.0,0.0,0.0,0.0,0.0,0.0
adventuregame,LLaMA2-13B-Tiefighter,other_room_argument,0.0,0.0,0.0,0.0,0.0,0.0,0.0
adventuregame,LLaMA2-13B-Tiefighter,plan_average_viability_ratio,0.0,0.0,0.0,0.0,0.0,0.0,0.0
adventuregame,LLaMA2-13B-Tiefighter,plan_followed_ratio,0.0,0.0,0.0,0.0,0.0,0.0,0.0
adventuregame,LLaMA2-13B-Tiefighter,pre_state_mismatch,0.0,0.0,0.0,0.0,0.0,0.0,0.0
adventuregame,LLaMA2-13B-Tiefighter,successful_actions,0.0,0.0,0.0,0.0,0.0,0.0,0.0
adventuregame,LLaMA2-13B-Tiefighter,taking_from_inventory,0.0,0.0,0.0,0.0,0.0,0.0,0.0
adventuregame,LLaMA2-13B-Tiefighter,thing_arg1_room,0.0,0.0,0.0,0.0,0.0,0.0,0.0
adventuregame,LLaMA2-13B-Tiefighter,thing_arg2_room,0.0,0.0,0.0,0.0,0.0,0.0,0.0
adventuregame,LLaMA2-13B-Tiefighter,turn_limit_loss,0.0,0.0,0.0,0.0,0.0,0.0,0.0
adventuregame,LLaMA2-13B-Tiefighter,turn_ratio,,,,,,,
adventuregame,LLaMA2-13B-Tiefighter,turns_over_par,,,,,,,
adventuregame,LLaMA2-13B-Tiefighter,undefined_action,0.0,0.0,0.0,0.0,0.0,0.0,0.0
adventuregame,LLaMA2-13B-Tiefighter,undefined_action_verb,0.0,0.0,0.0,0.0,0.0,0.0,0.0
adventuregame,LLaMA2-13B-Tiefighter,undefined_argument_type,0.0,0.0,0.0,0.0,0.0,0.0,0.0
adventuregame,LLaMA2-13B-Tiefighter,undefined_repr_str,0.0,0.0,0.0,0.0,0.0,0.0,0.0
adventuregame,Llama-3-70B-Instruct,Aborted,0.640625,0.4836103475464191,0.23387896825396823,1.0,1.0,0.0,-0.600323343199961
adventuregame,Llama-3-70B-Instruct,Lose,0.015625,0.125,0.015625,0.0,1.0,0.0,8.000000000000002
adventuregame,Llama-3-70B-Instruct,Main Score,47.916666666666664,43.9957509572546,1935.6261022927688,33.33333333333333,100.0,0.0,0.07549209638555918
adventuregame,Llama-3-70B-Instruct,Parsed Request Count,18.234375,10.433070417347587,108.84895833333333,16.5,50.0,1.0,0.6803244987068723
adventuregame,Llama-3-70B-Instruct,Played,0.359375,0.4836103475464191,0.23387896825396826,0.0,1.0,0.0,0.600323343199961
adventuregame,Llama-3-70B-Instruct,Request Count,18.875,10.391541126518575,107.98412698412696,17.0,50.0,2.0,0.6943069681645623
adventuregame,Llama-3-70B-Instruct,Request Success Ratio,0.937523218571072,0.10064878476389993,0.010130177874449855,0.961309523809524,1.0,0.5,-3.094976012051686
adventuregame,Llama-3-70B-Instruct,Success,0.34375,0.4787135538781691,0.2291666666666667,0.0,1.0,0.0,0.6738489907962498
adventuregame,Llama-3-70B-Instruct,Violated Request Count,0.640625,0.4836103475464191,0.23387896825396823,1.0,1.0,0.0,-0.600323343199961
adventuregame,Llama-3-70B-Instruct,achieved_goal_ratio,0.47916666666666663,0.439957509572546,0.1935626102292769,0.3333333333333333,1.0,0.0,0.0754920963855593
adventuregame,Llama-3-70B-Instruct,action_parsing_fail,1.4375,2.280872848797353,5.2023809523809526,1.0,10.0,0.0,2.0387725051403205
adventuregame,Llama-3-70B-Instruct,action_resolution_fail,2.171875,2.28559802531708,5.223958333333335,1.5,12.0,0.0,1.741414999153727
adventuregame,Llama-3-70B-Instruct,bad_plan_dismiss_ratio,0.9629385127886987,0.06703707522988776,0.004493969455377631,1.0,1.0,0.6666666666666667,-2.3076136744123676
adventuregame,Llama-3-70B-Instruct,bad_plan_follow_ratio,0.03706148721130127,0.06703707522988772,0.004493969455377626,0.0,0.3333333333333333,0.0,2.307613674412369
adventuregame,Llama-3-70B-Instruct,entity_already_inventory,0.0,0.0,0.0,0.0,0.0,0.0,0.0
adventuregame,Llama-3-70B-Instruct,entity_not_accessible,1.078125,1.2510907939087292,1.5652281746031742,1.0,4.0,0.0,0.9024709915426951
adventuregame,Llama-3-70B-Instruct,finish_speed,0.1706586097752581,0.17428241296811295,0.03037435946998786,0.14304993252361675,0.6176470588235294,-0.0256410256410255,0.9213820351646137
adventuregame,Llama-3-70B-Instruct,going_to_current_room,0.0,0.0,0.0,0.0,0.0,0.0,0.0
adventuregame,Llama-3-70B-Instruct,hallucination_count,0.296875,0.46049274850812955,0.21205357142857145,0.0,1.0,0.0,0.9106654557933266
adventuregame,Llama-3-70B-Instruct,lark_exception,0.140625,0.3503824441133676,0.12276785714285716,0.0,1.0,0.0,2.1175018792634255
adventuregame,Llama-3-70B-Instruct,malformed_command,0.0,0.0,0.0,0.0,0.0,0.0,0.0
adventuregame,Llama-3-70B-Instruct,manipulating_room,0.0,0.0,0.0,0.0,0.0,0.0,0.0
adventuregame,Llama-3-70B-Instruct,multiple_entity_ambiguity,0.0,0.0,0.0,0.0,0.0,0.0,0.0
adventuregame,Llama-3-70B-Instruct,multiple_exits_to,0.0,0.0,0.0,0.0,0.0,0.0,0.0
adventuregame,Llama-3-70B-Instruct,no_exit_to,1.0,1.3213749452868195,1.7460317460317456,1.0,7.0,0.0,2.04532355167446
adventuregame,Llama-3-70B-Instruct,not_room_type,0.0625,0.24397501823713327,0.059523809523809514,0.0,1.0,0.0,3.7021241477015328
adventuregame,Llama-3-70B-Instruct,other_room_argument,0.0,0.0,0.0,0.0,0.0,0.0,0.0
adventuregame,Llama-3-70B-Instruct,plan_average_viability_ratio,0.10709553433093505,0.15124183246310252,0.02287409188679717,0.0,0.537037037037037,0.0,1.136009796703033
adventuregame,Llama-3-70B-Instruct,plan_followed_ratio,0.20422801122945036,0.2540308225341756,0.06453165879738981,0.0,0.7272727272727273,0.0,0.617839502901571
adventuregame,Llama-3-70B-Instruct,pre_state_mismatch,0.03125,0.24999999999999997,0.062499999999999986,0.0,2.0,0.0,8.000000000000002
adventuregame,Llama-3-70B-Instruct,successful_actions,14.625,7.620981897325637,58.079365079365076,15.0,31.0,0.0,-0.050057820320496244
adventuregame,Llama-3-70B-Instruct,taking_from_inventory,0.0,0.0,0.0,0.0,0.0,0.0,0.0
adventuregame,Llama-3-70B-Instruct,thing_arg1_room,0.0,0.0,0.0,0.0,0.0,0.0,0.0
adventuregame,Llama-3-70B-Instruct,thing_arg2_room,0.0,0.0,0.0,0.0,0.0,0.0,0.0
adventuregame,Llama-3-70B-Instruct,turn_limit_loss,0.015625,0.125,0.015625,0.0,1.0,0.0,8.000000000000002
adventuregame,Llama-3-70B-Instruct,turn_ratio,0.8293413902247418,0.17428241296811295,0.030374359469987868,0.8569500674763832,1.0256410256410255,0.3823529411764705,-0.921382035164613
adventuregame,Llama-3-70B-Instruct,turns_over_par,6.2272727272727275,6.271111530409886,39.32683982683982,5.5,21.0,-1.0,0.8295326034728487
adventuregame,Llama-3-70B-Instruct,undefined_action,0.0,0.0,0.0,0.0,0.0,0.0,0.0
adventuregame,Llama-3-70B-Instruct,undefined_action_verb,1.078125,1.82838889527938,3.343005952380952,0.0,9.0,0.0,2.1970915379303975
adventuregame,Llama-3-70B-Instruct,undefined_argument_type,0.0,0.0,0.0,0.0,0.0,0.0,0.0
adventuregame,Llama-3-70B-Instruct,undefined_repr_str,0.21875,0.6033964713082945,0.3640873015873015,0.0,3.0,0.0,3.4514998588404406
adventuregame,Llama-3-8B-Instruct,Aborted,0.5625,0.49999999999999994,0.24999999999999997,1.0,1.0,0.0,-0.2580645161290323
adventuregame,Llama-3-8B-Instruct,Lose,0.359375,0.483610347546419,0.2338789682539682,0.0,1.0,0.0,0.600323343199961
adventuregame,Llama-3-8B-Instruct,Main Score,16.666666666666664,31.426968052735447,987.6543209876545,0.0,100.0,0.0,1.7596205614780454
adventuregame,Llama-3-8B-Instruct,Parsed Request Count,25.546875,21.234091851219624,450.88665674603163,25.0,50.0,1.0,0.09077021722283769
adventuregame,Llama-3-8B-Instruct,Played,0.4375,0.5,0.25000000000000006,0.0,1.0,0.0,0.2580645161290323
adventuregame,Llama-3-8B-Instruct,Request Count,26.109375,20.814461690761796,433.24181547619037,25.5,50.0,2.0,0.08740622498545159
adventuregame,Llama-3-8B-Instruct,Request Success Ratio,0.8847768838905378,0.1491462988279498,0.022244618454076097,0.970357454228422,1.0,0.5,-1.3246497258207233
adventuregame,Llama-3-8B-Instruct,Success,0.078125,0.270489708750042,0.07316468253968256,0.0,1.0,0.0,3.2199662824892923
adventuregame,Llama-3-8B-Instruct,Violated Request Count,0.5625,0.49999999999999994,0.24999999999999997,1.0,1.0,0.0,-0.2580645161290323
adventuregame,Llama-3-8B-Instruct,achieved_goal_ratio,0.16666666666666666,0.31426968052735443,0.09876543209876541,0.0,1.0,0.0,1.759620561478044
adventuregame,Llama-3-8B-Instruct,action_parsing_fail,4.21875,9.585817483417719,91.88789682539682,1.0,48.0,0.0,3.2461344241026886
adventuregame,Llama-3-8B-Instruct,action_resolution_fail,9.40625,11.043519610922298,121.95932539682538,4.5,39.0,0.0,1.2437812763236988
adventuregame,Llama-3-8B-Instruct,bad_plan_dismiss_ratio,0.94755280291517,0.10768416588347644,0.011595879582020073,1.0,1.0,0.5,-2.273195964856439
adventuregame,Llama-3-8B-Instruct,bad_plan_follow_ratio,0.05244719708483006,0.10768416588347648,0.011595879582020081,0.0,0.5,0.0,2.273195964856438
adventuregame,Llama-3-8B-Instruct,entity_already_inventory,0.078125,0.36967113226724385,0.1366567460317461,0.0,2.0,0.0,4.849428261301156
adventuregame,Llama-3-8B-Instruct,entity_not_accessible,4.28125,4.95845838177649,24.58630952380953,2.0,23.0,0.0,1.807938297915421
adventuregame,Llama-3-8B-Instruct,finish_speed,0.38161531279178335,0.20501885725248567,0.04203273182911509,0.4499999999999999,0.5882352941176471,0.0476190476190476,-1.3250854604549398
adventuregame,Llama-3-8B-Instruct,going_to_current_room,0.203125,0.47741657627441814,0.22792658730158732,0.0,2.0,0.0,2.366055002015095
adventuregame,Llama-3-8B-Instruct,hallucination_count,0.0625,0.2439750182371333,0.05952380952380952,0.0,1.0,0.0,3.7021241477015328
adventuregame,Llama-3-8B-Instruct,lark_exception,0.921875,3.27232109021415,10.708085317460323,0.0,21.0,0.0,4.61673969058394
adventuregame,Llama-3-8B-Instruct,malformed_command,0.75,2.4430010168344114,5.968253968253968,0.0,12.0,0.0,3.7050642109821443
adventuregame,Llama-3-8B-Instruct,manipulating_room,0.015625,0.125,0.015625000000000003,0.0,1.0,0.0,8.000000000000002
adventuregame,Llama-3-8B-Instruct,multiple_entity_ambiguity,0.0,0.0,0.0,0.0,0.0,0.0,0.0
adventuregame,Llama-3-8B-Instruct,multiple_exits_to,0.0,0.0,0.0,0.0,0.0,0.0,0.0
adventuregame,Llama-3-8B-Instruct,no_exit_to,1.328125,2.417231050681948,5.843005952380955,0.0,12.0,0.0,2.698821424065466
adventuregame,Llama-3-8B-Instruct,not_room_type,0.46875,1.0230478894592296,1.0466269841269842,0.0,5.0,0.0,2.703684853082624
adventuregame,Llama-3-8B-Instruct,other_room_argument,0.015625,0.125,0.015625000000000003,0.0,1.0,0.0,8.000000000000002
adventuregame,Llama-3-8B-Instruct,plan_average_viability_ratio,0.05174481565272788,0.08644011185277427,0.007471892937120126,0.0,0.3055555555555555,0.0,1.505364375256637
adventuregame,Llama-3-8B-Instruct,plan_followed_ratio,0.0919266659758681,0.14565039883814482,0.021214038681710654,0.0,0.5,0.0,1.318366745150624
adventuregame,Llama-3-8B-Instruct,pre_state_mismatch,3.046875,8.050297613546139,64.80729166666667,0.0,36.0,0.0,2.9587809134748952
adventuregame,Llama-3-8B-Instruct,successful_actions,11.921875,10.898237352019471,118.77157738095238,8.5,35.0,0.0,0.5742961779036775
adventuregame,Llama-3-8B-Instruct,taking_from_inventory,0.0,0.0,0.0,0.0,0.0,0.0,0.0
adventuregame,Llama-3-8B-Instruct,thing_arg1_room,0.0,0.0,0.0,0.0,0.0,0.0,0.0
adventuregame,Llama-3-8B-Instruct,thing_arg2_room,0.0,0.0,0.0,0.0,0.0,0.0,0.0
adventuregame,Llama-3-8B-Instruct,turn_limit_loss,0.359375,0.483610347546419,0.2338789682539682,0.0,1.0,0.0,0.600323343199961
adventuregame,Llama-3-8B-Instruct,turn_ratio,0.6183846872082166,0.20501885725248567,0.0420327318291151,0.55,0.9523809523809524,0.4117647058823529,1.3250854604549411
adventuregame,Llama-3-8B-Instruct,turns_over_par,14.2,7.155417527999327,51.2,17.0,20.0,2.0,-1.7559357054756035
adventuregame,Llama-3-8B-Instruct,undefined_action,0.0,0.0,0.0,0.0,0.0,0.0,0.0
adventuregame,Llama-3-8B-Instruct,undefined_action_verb,1.59375,3.312883700448661,10.975198412698413,1.0,18.0,0.0,3.8119499235934398
adventuregame,Llama-3-8B-Instruct,undefined_argument_type,0.0,0.0,0.0,0.0,0.0,0.0,0.0
adventuregame,Llama-3-8B-Instruct,undefined_repr_str,0.921875,4.2698822982922895,18.231894841269845,0.0,27.0,0.0,5.441664098440105
adventuregame,Llama-3.1-405B-Instruct,Aborted,0.375,0.48795003647426655,0.23809523809523803,0.0,1.0,0.0,0.5288748782430762
adventuregame,Llama-3.1-405B-Instruct,Lose,0.03125,0.17536809360305042,0.030753968253968252,0.0,1.0,0.0,5.518346670714096
adventuregame,Llama-3.1-405B-Instruct,Main Score,73.4375,38.11228537225623,1452.5462962962963,100.0,100.0,0.0,-1.1370217160595704
adventuregame,Llama-3.1-405B-Instruct,Parsed Request Count,20.96875,10.915212553100606,119.14186507936505,18.5,50.0,5.0,0.9918237035938275
adventuregame,Llama-3.1-405B-Instruct,Played,0.625,0.4879500364742666,0.23809523809523808,1.0,1.0,0.0,-0.5288748782430762
adventuregame,Llama-3.1-405B-Instruct,Request Count,21.34375,10.847015169863,117.65773809523806,19.0,50.0,6.0,0.9810899322108538
adventuregame,Llama-3.1-405B-Instruct,Request Success Ratio,0.9765006416389209,0.03594878187229339,0.0012923149181017298,1.0,1.0,0.8333333333333334,-1.613076189284445
adventuregame,Llama-3.1-405B-Instruct,Success,0.59375,0.49501483062599494,0.24503968253968247,1.0,1.0,0.0,-0.3909951280692201
adventuregame,Llama-3.1-405B-Instruct,Violated Request Count,0.375,0.48795003647426655,0.23809523809523803,0.0,1.0,0.0,0.5288748782430762
adventuregame,Llama-3.1-405B-Instruct,achieved_goal_ratio,0.734375,0.3811228537225622,0.14525462962962957,1.0,1.0,0.0,-1.1370217160595701
adventuregame,Llama-3.1-405B-Instruct,action_parsing_fail,1.453125,1.6990164054628036,2.886656746031746,1.0,6.0,0.0,1.0350927789712536
adventuregame,Llama-3.1-405B-Instruct,action_resolution_fail,2.015625,1.8213215810469334,3.3172123015873014,1.5,7.0,0.0,1.1477233073906885
adventuregame,Llama-3.1-405B-Instruct,bad_plan_dismiss_ratio,0.9939329117063492,0.018695227938926275,0.0003495115476884096,1.0,1.0,0.9,-3.324735234414017
adventuregame,Llama-3.1-405B-Instruct,bad_plan_follow_ratio,0.006067088293650791,0.01869522793892627,0.0003495115476884093,0.0,0.1,0.0,3.3247352344140113
adventuregame,Llama-3.1-405B-Instruct,entity_already_inventory,0.0,0.0,0.0,0.0,0.0,0.0,0.0
adventuregame,Llama-3.1-405B-Instruct,entity_not_accessible,0.75,0.890870806374748,0.7936507936507937,0.5,3.0,0.0,0.9385525109533603
adventuregame,Llama-3.1-405B-Instruct,finish_speed,0.20219881054100786,0.2196993116251404,0.04826778752856055,0.1407894736842105,0.90625,-0.0249999999999999,1.644582532741522
adventuregame,Llama-3.1-405B-Instruct,going_to_current_room,0.015625,0.125,0.015625000000000003,0.0,1.0,0.0,8.000000000000002
adventuregame,Llama-3.1-405B-Instruct,hallucination_count,0.140625,0.35038244411336755,0.12276785714285715,0.0,1.0,0.0,2.1175018792634255
adventuregame,Llama-3.1-405B-Instruct,lark_exception,0.109375,0.3615305866442909,0.13070436507936511,0.0,2.0,0.0,3.5417961783112157
adventuregame,Llama-3.1-405B-Instruct,malformed_command,0.0625,0.2439750182371333,0.05952380952380952,0.0,1.0,0.0,3.7021241477015328
adventuregame,Llama-3.1-405B-Instruct,manipulating_room,0.0,0.0,0.0,0.0,0.0,0.0,0.0
adventuregame,Llama-3.1-405B-Instruct,multiple_entity_ambiguity,0.0,0.0,0.0,0.0,0.0,0.0,0.0
adventuregame,Llama-3.1-405B-Instruct,multiple_exits_to,0.0,0.0,0.0,0.0,0.0,0.0,0.0
adventuregame,Llama-3.1-405B-Instruct,no_exit_to,1.140625,1.1108010480072334,1.233878968253968,1.0,5.0,0.0,1.4348974190074408
adventuregame,Llama-3.1-405B-Instruct,not_room_type,0.109375,0.4406772385447524,0.19419642857142858,0.0,2.0,0.0,4.001941330475315
adventuregame,Llama-3.1-405B-Instruct,other_room_argument,0.0,0.0,0.0,0.0,0.0,0.0,0.0
adventuregame,Llama-3.1-405B-Instruct,plan_average_viability_ratio,0.05849938772262695,0.09042152607656243,0.008176052378014458,0.0,0.3680555555555556,0.0,1.8098890950640387
adventuregame,Llama-3.1-405B-Instruct,plan_followed_ratio,0.08899777485908483,0.14506815657011957,0.021044770050652722,0.0,0.5833333333333334,0.0,1.7726121751903399
adventuregame,Llama-3.1-405B-Instruct,pre_state_mismatch,0.0,0.0,0.0,0.0,0.0,0.0,0.0
adventuregame,Llama-3.1-405B-Instruct,successful_actions,17.5,8.755950357709134,76.6666666666667,15.0,42.0,4.0,1.1120674027094635
adventuregame,Llama-3.1-405B-Instruct,taking_from_inventory,0.0,0.0,0.0,0.0,0.0,0.0,0.0
adventuregame,Llama-3.1-405B-Instruct,thing_arg1_room,0.0,0.0,0.0,0.0,0.0,0.0,0.0
adventuregame,Llama-3.1-405B-Instruct,thing_arg2_room,0.0,0.0,0.0,0.0,0.0,0.0,0.0
adventuregame,Llama-3.1-405B-Instruct,turn_limit_loss,0.03125,0.17536809360305042,0.030753968253968252,0.0,1.0,0.0,5.518346670714096
adventuregame,Llama-3.1-405B-Instruct,turn_ratio,0.797801189458992,0.21969931162514042,0.04826778752856056,0.8592105263157894,1.025,0.09375,-1.6445825327415227
adventuregame,Llama-3.1-405B-Instruct,turns_over_par,6.578947368421052,6.708734036726558,45.007112375533424,5.0,29.0,-1.0,1.6504750250386624
adventuregame,Llama-3.1-405B-Instruct,undefined_action,0.0,0.0,0.0,0.0,0.0,0.0,0.0
adventuregame,Llama-3.1-405B-Instruct,undefined_action_verb,1.1875,1.4893803974317537,2.2182539682539684,0.0,6.0,0.0,1.1256332163224376
adventuregame,Llama-3.1-405B-Instruct,undefined_argument_type,0.0,0.0,0.0,0.0,0.0,0.0,0.0
adventuregame,Llama-3.1-405B-Instruct,undefined_repr_str,0.09375,0.3435921354681383,0.11805555555555552,0.0,2.0,0.0,3.9810293215505657
adventuregame,Llama-3.1-70b-Instruct,Aborted,0.53125,0.5029673851018479,0.2529761904761905,1.0,1.0,0.0,-0.12827099916069898
adventuregame,Llama-3.1-70b-Instruct,Lose,0.046875,0.21304202581158665,0.04538690476190476,0.0,1.0,0.0,4.391076677965311
adventuregame,Llama-3.1-70b-Instruct,Main Score,54.6875,43.38710034319505,1882.4404761904764,66.66666666666666,100.0,0.0,-0.14085142068255121
adventuregame,Llama-3.1-70b-Instruct,Parsed Request Count,19.3125,13.457605390898593,181.10714285714286,14.0,50.0,0.0,0.8873264785807432
adventuregame,Llama-3.1-70b-Instruct,Played,0.46875,0.5029673851018478,0.25297619047619047,0.0,1.0,0.0,0.12827099916069898
adventuregame,Llama-3.1-70b-Instruct,Request Count,19.84375,13.419032621911926,180.07043650793648,14.5,50.0,1.0,0.905636360769074
adventuregame,Llama-3.1-70b-Instruct,Request Success Ratio,0.9246193055224551,0.18108023862778563,0.03279005282149579,0.9774569402228976,1.0,0.0,-4.403904973490587
adventuregame,Llama-3.1-70b-Instruct,Success,0.421875,0.49776285231308415,0.2477678571428572,0.0,1.0,0.0,0.3240304531186598
adventuregame,Llama-3.1-70b-Instruct,Violated Request Count,0.53125,0.5029673851018479,0.2529761904761905,1.0,1.0,0.0,-0.12827099916069898
adventuregame,Llama-3.1-70b-Instruct,achieved_goal_ratio,0.546875,0.43387100343195056,0.18824404761904764,0.6666666666666666,1.0,0.0,-0.14085142068255116
adventuregame,Llama-3.1-70b-Instruct,action_parsing_fail,1.265625,2.1398871613924095,4.579117063492064,0.0,9.0,0.0,2.2004059206175106
adventuregame,Llama-3.1-70b-Instruct,action_resolution_fail,1.65625,2.3584952830141512,5.562500000000002,1.0,12.0,0.0,2.397956370146009
adventuregame,Llama-3.1-70b-Instruct,bad_plan_dismiss_ratio,0.962780202528786,0.05937572377739363,0.0035254765740893473,1.0,1.0,0.75,-1.6568844724946088
adventuregame,Llama-3.1-70b-Instruct,bad_plan_follow_ratio,0.037219797471214,0.059375723777393606,0.0035254765740893442,0.0,0.25,0.0,1.6568844724946126
adventuregame,Llama-3.1-70b-Instruct,entity_already_inventory,0.0,0.0,0.0,0.0,0.0,0.0,0.0
adventuregame,Llama-3.1-70b-Instruct,entity_not_accessible,0.71875,1.6082007100513058,2.586309523809524,0.0,10.0,0.0,3.879896650556084
adventuregame,Llama-3.1-70b-Instruct,finish_speed,0.13252047263907515,0.195319788190385,0.038149819658736865,0.054054054054054,0.8928571428571429,-0.0256410256410255,2.747166708843795
adventuregame,Llama-3.1-70b-Instruct,going_to_current_room,0.0,0.0,0.0,0.0,0.0,0.0,0.0
adventuregame,Llama-3.1-70b-Instruct,hallucination_count,0.21875,0.41666666666666663,0.17361111111111108,0.0,1.0,0.0,1.3935483870967744
adventuregame,Llama-3.1-70b-Instruct,lark_exception,0.109375,0.3615305866442909,0.13070436507936511,0.0,2.0,0.0,3.5417961783112157
adventuregame,Llama-3.1-70b-Instruct,malformed_command,0.078125,0.3238992347717331,0.10491071428571429,0.0,2.0,0.0,4.542425164454422
adventuregame,Llama-3.1-70b-Instruct,manipulating_room,0.0,0.0,0.0,0.0,0.0,0.0,0.0
adventuregame,Llama-3.1-70b-Instruct,multiple_entity_ambiguity,0.0,0.0,0.0,0.0,0.0,0.0,0.0
adventuregame,Llama-3.1-70b-Instruct,multiple_exits_to,0.0,0.0,0.0,0.0,0.0,0.0,0.0
adventuregame,Llama-3.1-70b-Instruct,no_exit_to,0.875,1.1751393027860062,1.380952380952381,1.0,6.0,0.0,2.1884608733407305
adventuregame,Llama-3.1-70b-Instruct,not_room_type,0.03125,0.17536809360305042,0.03075396825396825,0.0,1.0,0.0,5.518346670714096
adventuregame,Llama-3.1-70b-Instruct,other_room_argument,0.0,0.0,0.0,0.0,0.0,0.0,0.0
adventuregame,Llama-3.1-70b-Instruct,plan_average_viability_ratio,0.11131310683901323,0.15777839523748122,0.02489402200371484,0.0,0.574074074074074,0.0,1.289318496524987
adventuregame,Llama-3.1-70b-Instruct,plan_followed_ratio,0.20687115720924315,0.2536348114037971,0.06433061755583973,0.0,0.75,0.0,0.7372636449619362
adventuregame,Llama-3.1-70b-Instruct,pre_state_mismatch,0.03125,0.17536809360305042,0.03075396825396825,0.0,1.0,0.0,5.518346670714096
adventuregame,Llama-3.1-70b-Instruct,successful_actions,16.390625,10.658653519149114,113.6068948412698,13.5,43.0,0.0,0.8923889659272146
adventuregame,Llama-3.1-70b-Instruct,taking_from_inventory,0.0,0.0,0.0,0.0,0.0,0.0,0.0
adventuregame,Llama-3.1-70b-Instruct,thing_arg1_room,0.0,0.0,0.0,0.0,0.0,0.0,0.0
adventuregame,Llama-3.1-70b-Instruct,thing_arg2_room,0.0,0.0,0.0,0.0,0.0,0.0,0.0
adventuregame,Llama-3.1-70b-Instruct,turn_limit_loss,0.046875,0.21304202581158665,0.04538690476190476,0.0,1.0,0.0,4.391076677965311
adventuregame,Llama-3.1-70b-Instruct,turn_ratio,0.8674795273609248,0.195319788190385,0.038149819658736865,0.945945945945946,1.0256410256410255,0.1071428571428571,-2.7471667088437943
adventuregame,Llama-3.1-70b-Instruct,turns_over_par,4.518518518518518,5.944424474764764,35.33618233618234,2.0,25.0,-1.0,2.1303992461743215
adventuregame,Llama-3.1-70b-Instruct,undefined_action,0.0,0.0,0.0,0.0,0.0,0.0,0.0
adventuregame,Llama-3.1-70b-Instruct,undefined_action_verb,1.015625,1.8813384926188916,3.5394345238095237,0.0,8.0,0.0,2.2798933691750434
adventuregame,Llama-3.1-70b-Instruct,undefined_argument_type,0.0,0.0,0.0,0.0,0.0,0.0,0.0
adventuregame,Llama-3.1-70b-Instruct,undefined_repr_str,0.0625,0.3933978962347216,0.1547619047619048,0.0,3.0,0.0,7.039261764578688
adventuregame,Llama-3.1-8b-Instruct,Aborted,0.234375,0.42695628191498325,0.18229166666666666,0.0,1.0,0.0,1.2844104185903276
adventuregame,Llama-3.1-8b-Instruct,Lose,0.640625,0.4836103475464191,0.23387896825396826,1.0,1.0,0.0,-0.600323343199961
adventuregame,Llama-3.1-8b-Instruct,Main Score,30.208333333333332,35.9888038635259,1295.1940035273371,16.666666666666664,100.0,0.0,0.8163905588367368
adventuregame,Llama-3.1-8b-Instruct,Parsed Request Count,37.609375,18.43531564946036,339.86086309523813,50.0,50.0,1.0,-1.0363770007799789
adventuregame,Llama-3.1-8b-Instruct,Played,0.765625,0.4269562819149832,0.1822916666666666,1.0,1.0,0.0,-1.2844104185903276
adventuregame,Llama-3.1-8b-Instruct,Request Count,37.84375,18.115343623657118,328.1656746031746,50.0,50.0,2.0,-1.0336749456837742
adventuregame,Llama-3.1-8b-Instruct,Request Success Ratio,0.9553582775771291,0.1113973214652585,0.012409363229634145,1.0,1.0,0.5,-2.943146521203642
adventuregame,Llama-3.1-8b-Instruct,Success,0.125,0.3333333333333333,0.1111111111111111,0.0,1.0,0.0,2.3225806451612905
adventuregame,Llama-3.1-8b-Instruct,Violated Request Count,0.234375,0.42695628191498325,0.18229166666666666,0.0,1.0,0.0,1.2844104185903276
adventuregame,Llama-3.1-8b-Instruct,achieved_goal_ratio,0.3020833333333333,0.35988803863525903,0.1295194003527337,0.16666666666666666,1.0,0.0,0.8163905588367371
adventuregame,Llama-3.1-8b-Instruct,action_parsing_fail,6.4375,9.89448299057579,97.90079365079364,1.0,35.0,0.0,1.708730205332126
adventuregame,Llama-3.1-8b-Instruct,action_resolution_fail,13.65625,10.220146226394654,104.45138888888889,14.0,39.0,0.0,0.2127150122111203
adventuregame,Llama-3.1-8b-Instruct,bad_plan_dismiss_ratio,0.9515924718907668,0.08544230664697029,0.007300387765154904,1.0,1.0,0.6,-2.228973374410403
adventuregame,Llama-3.1-8b-Instruct,bad_plan_follow_ratio,0.04840752810923325,0.08544230664697032,0.007300387765154908,0.0,0.4,0.0,2.2289733744104057
adventuregame,Llama-3.1-8b-Instruct,entity_already_inventory,0.09375,0.3435921354681383,0.11805555555555552,0.0,2.0,0.0,3.9810293215505657
adventuregame,Llama-3.1-8b-Instruct,entity_not_accessible,6.71875,5.458265175873991,29.792658730158728,5.0,19.0,0.0,0.5206307979068923
adventuregame,Llama-3.1-8b-Instruct,finish_speed,0.24325035887535884,0.2019183000393686,0.04077099989078847,0.24070512820512813,0.65,0.0238095238095238,1.1434648614972094
adventuregame,Llama-3.1-8b-Instruct,going_to_current_room,0.015625,0.125,0.015625000000000003,0.0,1.0,0.0,8.000000000000002
adventuregame,Llama-3.1-8b-Instruct,hallucination_count,0.0,0.0,0.0,0.0,0.0,0.0,0.0
adventuregame,Llama-3.1-8b-Instruct,lark_exception,0.65625,2.4509068616421237,6.006944444444445,0.0,14.0,0.0,4.345834114226387
adventuregame,Llama-3.1-8b-Instruct,malformed_command,0.96875,2.911219403050621,8.475198412698413,0.0,13.0,0.0,3.199594937202794
adventuregame,Llama-3.1-8b-Instruct,manipulating_room,0.0,0.0,0.0,0.0,0.0,0.0,0.0
adventuregame,Llama-3.1-8b-Instruct,multiple_entity_ambiguity,0.0,0.0,0.0,0.0,0.0,0.0,0.0
adventuregame,Llama-3.1-8b-Instruct,multiple_exits_to,0.0,0.0,0.0,0.0,0.0,0.0,0.0
adventuregame,Llama-3.1-8b-Instruct,no_exit_to,1.984375,3.0937324634744288,9.571180555555557,1.0,17.0,0.0,2.6479237634089814
adventuregame,Llama-3.1-8b-Instruct,not_room_type,2.171875,4.48119417013771,20.081101190476197,0.0,21.0,0.0,2.776082828030514
adventuregame,Llama-3.1-8b-Instruct,other_room_argument,0.1875,0.8886408384057867,0.7896825396825395,0.0,5.0,0.0,5.220698239441455
adventuregame,Llama-3.1-8b-Instruct,plan_average_viability_ratio,0.0658595869960098,0.11518016862186554,0.013266471243761381,0.0,0.5,0.0,2.3222515345677683
adventuregame,Llama-3.1-8b-Instruct,plan_followed_ratio,0.0984727563466438,0.15298071680104264,0.023403099712960805,0.0,0.6,0.0,1.5999500363800057
adventuregame,Llama-3.1-8b-Instruct,pre_state_mismatch,2.671875,6.6501096482188435,44.22395833333335,0.0,35.0,0.0,3.162964131816784
adventuregame,Llama-3.1-8b-Instruct,successful_actions,17.515625,11.302468037121747,127.7457837301587,20.5,38.0,0.0,-0.1420230089097012
adventuregame,Llama-3.1-8b-Instruct,taking_from_inventory,0.0,0.0,0.0,0.0,0.0,0.0,0.0
adventuregame,Llama-3.1-8b-Instruct,thing_arg1_room,0.0,0.0,0.0,0.0,0.0,0.0,0.0
adventuregame,Llama-3.1-8b-Instruct,thing_arg2_room,0.0,0.0,0.0,0.0,0.0,0.0,0.0
adventuregame,Llama-3.1-8b-Instruct,turn_limit_loss,0.640625,0.4836103475464191,0.23387896825396826,1.0,1.0,0.0,-0.600323343199961
adventuregame,Llama-3.1-8b-Instruct,turn_ratio,0.7567496411246412,0.2019183000393686,0.04077099989078847,0.7592948717948718,0.9761904761904762,0.35,-1.143464861497209
adventuregame,Llama-3.1-8b-Instruct,turns_over_par,9.125,7.845608416724062,61.553571428571445,9.5,26.0,1.0,1.5056679021479704
adventuregame,Llama-3.1-8b-Instruct,undefined_action,0.0,0.0,0.0,0.0,0.0,0.0,0.0
adventuregame,Llama-3.1-8b-Instruct,undefined_action_verb,4.25,6.570738404061083,43.174603174603185,1.0,26.0,0.0,1.7876392780553019
adventuregame,Llama-3.1-8b-Instruct,undefined_argument_type,0.0,0.0,0.0,0.0,0.0,0.0,0.0
adventuregame,Llama-3.1-8b-Instruct,undefined_repr_str,0.375,1.339272486707165,1.7936507936507937,0.0,10.0,0.0,6.189955511913917
adventuregame,Mistral-Large-Instruct-2407,Aborted,0.671875,0.4732423621500228,0.22395833333333331,1.0,1.0,0.0,-0.7498033524837572
adventuregame,Mistral-Large-Instruct-2407,Lose,0.0,0.0,0.0,0.0,0.0,0.0,0.0
adventuregame,Mistral-Large-Instruct-2407,Main Score,45.83333333333333,44.24558687227414,1957.671957671958,33.33333333333333,100.0,0.0,0.15238188876391068
adventuregame,Mistral-Large-Instruct-2407,Parsed Request Count,16.984375,8.390266824181003,70.39657738095237,15.5,40.0,5.0,0.6944901779130531
adventuregame,Mistral-Large-Instruct-2407,Played,0.328125,0.47324236215002274,0.2239583333333333,0.0,1.0,0.0,0.7498033524837572
adventuregame,Mistral-Large-Instruct-2407,Request Count,17.65625,8.283122542110496,68.61011904761905,16.5,41.0,6.0,0.7180200288394817
adventuregame,Mistral-Large-Instruct-2407,Request Success Ratio,0.9480563212359729,0.04894263691523156,0.002395381708216187,0.9523809523809524,1.0,0.8333333333333334,-0.7219039291164291
adventuregame,Mistral-Large-Instruct-2407,Success,0.328125,0.47324236215002274,0.2239583333333333,0.0,1.0,0.0,0.7498033524837572
adventuregame,Mistral-Large-Instruct-2407,Violated Request Count,0.671875,0.4732423621500228,0.22395833333333331,1.0,1.0,0.0,-0.7498033524837572
adventuregame,Mistral-Large-Instruct-2407,achieved_goal_ratio,0.4583333333333333,0.44245586872274145,0.1957671957671958,0.3333333333333333,1.0,0.0,0.15238188876391046
adventuregame,Mistral-Large-Instruct-2407,action_parsing_fail,2.6875,2.9378482569650157,8.630952380952381,2.5,16.0,0.0,1.6359691594343648
adventuregame,Mistral-Large-Instruct-2407,action_resolution_fail,1.828125,1.8218661939262795,3.3191964285714275,1.0,7.0,0.0,1.0110630190305812
adventuregame,Mistral-Large-Instruct-2407,bad_plan_dismiss_ratio,0.9766424812797926,0.05025711230046429,0.002525777336781479,1.0,1.0,0.8,-2.0064814572297887
adventuregame,Mistral-Large-Instruct-2407,bad_plan_follow_ratio,0.023357518720207377,0.050257112300464264,0.0025257773367814763,0.0,0.2,0.0,2.0064814572297847
adventuregame,Mistral-Large-Instruct-2407,entity_already_inventory,0.0,0.0,0.0,0.0,0.0,0.0,0.0
adventuregame,Mistral-Large-Instruct-2407,entity_not_accessible,0.71875,0.967220695092838,0.9355158730158728,0.0,5.0,0.0,1.7954527418928488
adventuregame,Mistral-Large-Instruct-2407,finish_speed,0.1999548581414477,0.1602007050377696,0.025664265894598453,0.175,0.5806451612903226,-0.0256410256410255,0.7687614119889786
adventuregame,Mistral-Large-Instruct-2407,going_to_current_room,0.03125,0.17536809360305042,0.030753968253968252,0.0,1.0,0.0,5.518346670714096
adventuregame,Mistral-Large-Instruct-2407,hallucination_count,0.0625,0.24397501823713327,0.05952380952380951,0.0,1.0,0.0,3.7021241477015328
adventuregame,Mistral-Large-Instruct-2407,lark_exception,0.234375,0.7069313857277694,0.49975198412698424,0.0,5.0,0.0,5.196171994792523
adventuregame,Mistral-Large-Instruct-2407,malformed_command,0.03125,0.17536809360305042,0.030753968253968252,0.0,1.0,0.0,5.518346670714096
adventuregame,Mistral-Large-Instruct-2407,manipulating_room,0.15625,0.36596252735569995,0.13392857142857145,0.0,1.0,0.0,1.9392078868912792
adventuregame,Mistral-Large-Instruct-2407,multiple_entity_ambiguity,0.0,0.0,0.0,0.0,0.0,0.0,0.0
adventuregame,Mistral-Large-Instruct-2407,multiple_exits_to,0.0,0.0,0.0,0.0,0.0,0.0,0.0
adventuregame,Mistral-Large-Instruct-2407,no_exit_to,1.046875,1.2009214385576192,1.4422123015873016,1.0,5.0,0.0,1.3832470637893077
adventuregame,Mistral-Large-Instruct-2407,not_room_type,0.03125,0.17536809360305042,0.030753968253968252,0.0,1.0,0.0,5.518346670714096
adventuregame,Mistral-Large-Instruct-2407,other_room_argument,0.0,0.0,0.0,0.0,0.0,0.0,0.0
adventuregame,Mistral-Large-Instruct-2407,plan_average_viability_ratio,0.0656315355349239,0.10189139736184821,0.010381856856350048,0.0,0.4814814814814814,0.0,2.014436262070422
adventuregame,Mistral-Large-Instruct-2407,plan_followed_ratio,0.09817188105254337,0.1783846647354731,0.03182108861278714,0.0,0.5714285714285714,0.0,1.685472511630849
adventuregame,Mistral-Large-Instruct-2407,pre_state_mismatch,0.0,0.0,0.0,0.0,0.0,0.0,0.0
adventuregame,Mistral-Large-Instruct-2407,successful_actions,12.46875,6.944150787441914,48.22123015873015,11.5,30.0,1.0,0.610046607557365
adventuregame,Mistral-Large-Instruct-2407,taking_from_inventory,0.0,0.0,0.0,0.0,0.0,0.0,0.0
adventuregame,Mistral-Large-Instruct-2407,thing_arg1_room,0.0,0.0,0.0,0.0,0.0,0.0,0.0
adventuregame,Mistral-Large-Instruct-2407,thing_arg2_room,0.0,0.0,0.0,0.0,0.0,0.0,0.0
adventuregame,Mistral-Large-Instruct-2407,turn_limit_loss,0.0,0.0,0.0,0.0,0.0,0.0,0.0
adventuregame,Mistral-Large-Instruct-2407,turn_ratio,0.8000451418585522,0.16020070503776956,0.025664265894598443,0.825,1.0256410256410255,0.4193548387096774,-0.7687614119889821
adventuregame,Mistral-Large-Instruct-2407,turns_over_par,7.0,5.21536192416212,27.200000000000006,7.0,18.0,-1.0,0.5235782663803256
adventuregame,Mistral-Large-Instruct-2407,undefined_action,0.0,0.0,0.0,0.0,0.0,0.0,0.0
adventuregame,Mistral-Large-Instruct-2407,undefined_action_verb,2.21875,2.4460447503336726,5.983134920634918,2.0,10.0,0.0,0.7455999047788558
adventuregame,Mistral-Large-Instruct-2407,undefined_argument_type,0.0,0.0,0.0,0.0,0.0,0.0,0.0
adventuregame,Mistral-Large-Instruct-2407,undefined_repr_str,0.046875,0.21304202581158665,0.04538690476190476,0.0,1.0,0.0,4.391076677965311
adventuregame,Qwen1.5-72B-Chat,Aborted,1.0,0.0,0.0,1.0,1.0,1.0,0.0
adventuregame,Qwen1.5-72B-Chat,Lose,0.0,0.0,0.0,0.0,0.0,0.0,0.0
adventuregame,Qwen1.5-72B-Chat,Main Score,0.0,0.0,0.0,0.0,0.0,0.0,0.0
adventuregame,Qwen1.5-72B-Chat,Parsed Request Count,0.0,0.0,0.0,0.0,0.0,0.0,0.0
adventuregame,Qwen1.5-72B-Chat,Played,0.0,0.0,0.0,0.0,0.0,0.0,0.0
adventuregame,Qwen1.5-72B-Chat,Request Count,1.0,0.0,0.0,1.0,1.0,1.0,0.0
adventuregame,Qwen1.5-72B-Chat,Request Success Ratio,0.0,0.0,0.0,0.0,0.0,0.0,0.0
adventuregame,Qwen1.5-72B-Chat,Success,0.0,0.0,0.0,0.0,0.0,0.0,0.0
adventuregame,Qwen1.5-72B-Chat,Violated Request Count,1.0,0.0,0.0,1.0,1.0,1.0,0.0
adventuregame,Qwen1.5-72B-Chat,achieved_goal_ratio,0.0,0.0,0.0,0.0,0.0,0.0,0.0
adventuregame,Qwen1.5-72B-Chat,action_parsing_fail,0.0,0.0,0.0,0.0,0.0,0.0,0.0
adventuregame,Qwen1.5-72B-Chat,action_resolution_fail,0.0,0.0,0.0,0.0,0.0,0.0,0.0
adventuregame,Qwen1.5-72B-Chat,bad_plan_dismiss_ratio,1.0,0.0,0.0,1.0,1.0,1.0,0.0
adventuregame,Qwen1.5-72B-Chat,bad_plan_follow_ratio,0.0,0.0,0.0,0.0,0.0,0.0,0.0
adventuregame,Qwen1.5-72B-Chat,entity_already_inventory,0.0,0.0,0.0,0.0,0.0,0.0,0.0
adventuregame,Qwen1.5-72B-Chat,entity_not_accessible,0.0,0.0,0.0,0.0,0.0,0.0,0.0
adventuregame,Qwen1.5-72B-Chat,finish_speed,,,,,,,
adventuregame,Qwen1.5-72B-Chat,going_to_current_room,0.0,0.0,0.0,0.0,0.0,0.0,0.0
adventuregame,Qwen1.5-72B-Chat,hallucination_count,0.0,0.0,0.0,0.0,0.0,0.0,0.0
adventuregame,Qwen1.5-72B-Chat,lark_exception,0.0,0.0,0.0,0.0,0.0,0.0,0.0
adventuregame,Qwen1.5-72B-Chat,malformed_command,0.0,0.0,0.0,0.0,0.0,0.0,0.0
adventuregame,Qwen1.5-72B-Chat,manipulating_room,0.0,0.0,0.0,0.0,0.0,0.0,0.0
adventuregame,Qwen1.5-72B-Chat,multiple_entity_ambiguity,0.0,0.0,0.0,0.0,0.0,0.0,0.0
adventuregame,Qwen1.5-72B-Chat,multiple_exits_to,0.0,0.0,0.0,0.0,0.0,0.0,0.0
adventuregame,Qwen1.5-72B-Chat,no_exit_to,0.0,0.0,0.0,0.0,0.0,0.0,0.0
adventuregame,Qwen1.5-72B-Chat,not_room_type,0.0,0.0,0.0,0.0,0.0,0.0,0.0
adventuregame,Qwen1.5-72B-Chat,other_room_argument,0.0,0.0,0.0,0.0,0.0,0.0,0.0
adventuregame,Qwen1.5-72B-Chat,plan_average_viability_ratio,0.0,0.0,0.0,0.0,0.0,0.0,0.0
adventuregame,Qwen1.5-72B-Chat,plan_followed_ratio,0.0,0.0,0.0,0.0,0.0,0.0,0.0
adventuregame,Qwen1.5-72B-Chat,pre_state_mismatch,0.0,0.0,0.0,0.0,0.0,0.0,0.0
adventuregame,Qwen1.5-72B-Chat,successful_actions,0.0,0.0,0.0,0.0,0.0,0.0,0.0
adventuregame,Qwen1.5-72B-Chat,taking_from_inventory,0.0,0.0,0.0,0.0,0.0,0.0,0.0
adventuregame,Qwen1.5-72B-Chat,thing_arg1_room,0.0,0.0,0.0,0.0,0.0,0.0,0.0
adventuregame,Qwen1.5-72B-Chat,thing_arg2_room,0.0,0.0,0.0,0.0,0.0,0.0,0.0
adventuregame,Qwen1.5-72B-Chat,turn_limit_loss,0.0,0.0,0.0,0.0,0.0,0.0,0.0
adventuregame,Qwen1.5-72B-Chat,turn_ratio,,,,,,,
adventuregame,Qwen1.5-72B-Chat,turns_over_par,,,,,,,
adventuregame,Qwen1.5-72B-Chat,undefined_action,0.0,0.0,0.0,0.0,0.0,0.0,0.0
adventuregame,Qwen1.5-72B-Chat,undefined_action_verb,0.0,0.0,0.0,0.0,0.0,0.0,0.0
adventuregame,Qwen1.5-72B-Chat,undefined_argument_type,0.0,0.0,0.0,0.0,0.0,0.0,0.0
adventuregame,Qwen1.5-72B-Chat,undefined_repr_str,0.0,0.0,0.0,0.0,0.0,0.0,0.0
adventuregame,Qwen2-72B-Instruct,Aborted,1.0,0.0,0.0,1.0,1.0,1.0,0.0
adventuregame,Qwen2-72B-Instruct,Lose,0.0,0.0,0.0,0.0,0.0,0.0,0.0
adventuregame,Qwen2-72B-Instruct,Main Score,0.0,0.0,0.0,0.0,0.0,0.0,0.0
adventuregame,Qwen2-72B-Instruct,Parsed Request Count,0.0,0.0,0.0,0.0,0.0,0.0,0.0
adventuregame,Qwen2-72B-Instruct,Played,0.0,0.0,0.0,0.0,0.0,0.0,0.0
adventuregame,Qwen2-72B-Instruct,Request Count,1.0,0.0,0.0,1.0,1.0,1.0,0.0
adventuregame,Qwen2-72B-Instruct,Request Success Ratio,0.0,0.0,0.0,0.0,0.0,0.0,0.0
adventuregame,Qwen2-72B-Instruct,Success,0.0,0.0,0.0,0.0,0.0,0.0,0.0
adventuregame,Qwen2-72B-Instruct,Violated Request Count,1.0,0.0,0.0,1.0,1.0,1.0,0.0
adventuregame,Qwen2-72B-Instruct,achieved_goal_ratio,0.0,0.0,0.0,0.0,0.0,0.0,0.0
adventuregame,Qwen2-72B-Instruct,action_parsing_fail,0.0,0.0,0.0,0.0,0.0,0.0,0.0
adventuregame,Qwen2-72B-Instruct,action_resolution_fail,0.0,0.0,0.0,0.0,0.0,0.0,0.0
adventuregame,Qwen2-72B-Instruct,bad_plan_dismiss_ratio,1.0,0.0,0.0,1.0,1.0,1.0,0.0
adventuregame,Qwen2-72B-Instruct,bad_plan_follow_ratio,0.0,0.0,0.0,0.0,0.0,0.0,0.0
adventuregame,Qwen2-72B-Instruct,entity_already_inventory,0.0,0.0,0.0,0.0,0.0,0.0,0.0
adventuregame,Qwen2-72B-Instruct,entity_not_accessible,0.0,0.0,0.0,0.0,0.0,0.0,0.0
adventuregame,Qwen2-72B-Instruct,finish_speed,,,,,,,
adventuregame,Qwen2-72B-Instruct,going_to_current_room,0.0,0.0,0.0,0.0,0.0,0.0,0.0
adventuregame,Qwen2-72B-Instruct,hallucination_count,0.015625,0.125,0.015625000000000003,0.0,1.0,0.0,8.000000000000002
adventuregame,Qwen2-72B-Instruct,lark_exception,0.0,0.0,0.0,0.0,0.0,0.0,0.0
adventuregame,Qwen2-72B-Instruct,malformed_command,0.0,0.0,0.0,0.0,0.0,0.0,0.0
adventuregame,Qwen2-72B-Instruct,manipulating_room,0.0,0.0,0.0,0.0,0.0,0.0,0.0
adventuregame,Qwen2-72B-Instruct,multiple_entity_ambiguity,0.0,0.0,0.0,0.0,0.0,0.0,0.0
adventuregame,Qwen2-72B-Instruct,multiple_exits_to,0.0,0.0,0.0,0.0,0.0,0.0,0.0
adventuregame,Qwen2-72B-Instruct,no_exit_to,0.0,0.0,0.0,0.0,0.0,0.0,0.0
adventuregame,Qwen2-72B-Instruct,not_room_type,0.0,0.0,0.0,0.0,0.0,0.0,0.0
adventuregame,Qwen2-72B-Instruct,other_room_argument,0.0,0.0,0.0,0.0,0.0,0.0,0.0
adventuregame,Qwen2-72B-Instruct,plan_average_viability_ratio,0.0,0.0,0.0,0.0,0.0,0.0,0.0
adventuregame,Qwen2-72B-Instruct,plan_followed_ratio,0.0,0.0,0.0,0.0,0.0,0.0,0.0
adventuregame,Qwen2-72B-Instruct,pre_state_mismatch,0.0,0.0,0.0,0.0,0.0,0.0,0.0
adventuregame,Qwen2-72B-Instruct,successful_actions,0.0,0.0,0.0,0.0,0.0,0.0,0.0
adventuregame,Qwen2-72B-Instruct,taking_from_inventory,0.0,0.0,0.0,0.0,0.0,0.0,0.0
adventuregame,Qwen2-72B-Instruct,thing_arg1_room,0.0,0.0,0.0,0.0,0.0,0.0,0.0
adventuregame,Qwen2-72B-Instruct,thing_arg2_room,0.0,0.0,0.0,0.0,0.0,0.0,0.0
adventuregame,Qwen2-72B-Instruct,turn_limit_loss,0.0,0.0,0.0,0.0,0.0,0.0,0.0
adventuregame,Qwen2-72B-Instruct,turn_ratio,,,,,,,
adventuregame,Qwen2-72B-Instruct,turns_over_par,,,,,,,
adventuregame,Qwen2-72B-Instruct,undefined_action,0.0,0.0,0.0,0.0,0.0,0.0,0.0
adventuregame,Qwen2-72B-Instruct,undefined_action_verb,0.0,0.0,0.0,0.0,0.0,0.0,0.0
adventuregame,Qwen2-72B-Instruct,undefined_argument_type,0.0,0.0,0.0,0.0,0.0,0.0,0.0
adventuregame,Qwen2-72B-Instruct,undefined_repr_str,0.0,0.0,0.0,0.0,0.0,0.0,0.0
adventuregame,gemma-2-9b-it-q5,Aborted,0.421875,0.49776285231308404,0.24776785714285712,0.0,1.0,0.0,0.3240304531186598
adventuregame,gemma-2-9b-it-q5,Lose,0.5,0.5039526306789696,0.2539682539682539,0.5,1.0,0.0,0.0
adventuregame,gemma-2-9b-it-q5,Main Score,21.874999999999996,33.184190154205595,1101.1904761904757,0.0,100.0,0.0,1.2453278495533362
adventuregame,gemma-2-9b-it-q5,Parsed Request Count,37.515625,15.244038322081172,232.38070436507937,49.0,50.0,7.0,-0.763558117077477
adventuregame,gemma-2-9b-it-q5,Played,0.578125,0.49776285231308404,0.24776785714285712,1.0,1.0,0.0,-0.3240304531186598
adventuregame,gemma-2-9b-it-q5,Request Count,37.9375,14.914438514086816,222.44047619047618,49.0,50.0,8.0,-0.7985174341517779
adventuregame,gemma-2-9b-it-q5,Request Success Ratio,0.9795366368664903,0.030412820904474804,0.0009249396753676597,1.0,1.0,0.875,-1.6687657167837033
adventuregame,gemma-2-9b-it-q5,Success,0.078125,0.270489708750042,0.07316468253968257,0.0,1.0,0.0,3.2199662824892923
adventuregame,gemma-2-9b-it-q5,Violated Request Count,0.421875,0.49776285231308404,0.24776785714285712,0.0,1.0,0.0,0.3240304531186598
adventuregame,gemma-2-9b-it-q5,achieved_goal_ratio,0.21875,0.331841901542056,0.11011904761904759,0.0,1.0,0.0,1.2453278495533358
adventuregame,gemma-2-9b-it-q5,action_parsing_fail,15.0,17.457431218879393,304.7619047619048,7.0,48.0,0.0,0.6798287999722594
adventuregame,gemma-2-9b-it-q5,action_resolution_fail,6.40625,7.245619913886452,52.49900793650792,4.0,26.0,0.0,1.2332584817772771
adventuregame,gemma-2-9b-it-q5,bad_plan_dismiss_ratio,0.9859117344909862,0.02738576009050002,0.0007499798557344235,1.0,1.0,0.875,-2.500623462802264
adventuregame,gemma-2-9b-it-q5,bad_plan_follow_ratio,0.014088265509013783,0.027385760090500005,0.0007499798557344228,0.0,0.125,0.0,2.5006234628022614
adventuregame,gemma-2-9b-it-q5,entity_already_inventory,0.015625,0.125,0.015625,0.0,1.0,0.0,8.000000000000002
adventuregame,gemma-2-9b-it-q5,entity_not_accessible,3.640625,5.469590354934605,29.916418650793663,1.5,26.0,0.0,2.2526185921278823
adventuregame,gemma-2-9b-it-q5,finish_speed,0.29646330680813443,0.39250878826187996,0.15406314886280933,0.0749999999999999,0.9310344827586208,0.0,1.4193833275137808
adventuregame,gemma-2-9b-it-q5,going_to_current_room,0.09375,0.3435921354681384,0.11805555555555557,0.0,2.0,0.0,3.9810293215505657
adventuregame,gemma-2-9b-it-q5,hallucination_count,0.078125,0.270489708750042,0.07316468253968256,0.0,1.0,0.0,3.2199662824892923
adventuregame,gemma-2-9b-it-q5,lark_exception,4.90625,7.347861690898341,53.99107142857142,0.0,26.0,0.0,1.4173281837027951
adventuregame,gemma-2-9b-it-q5,malformed_command,0.15625,0.801164826590059,0.6418650793650794,0.0,5.0,0.0,5.442168259254253
adventuregame,gemma-2-9b-it-q5,manipulating_room,0.015625,0.125,0.015625,0.0,1.0,0.0,8.000000000000002
adventuregame,gemma-2-9b-it-q5,multiple_entity_ambiguity,0.0,0.0,0.0,0.0,0.0,0.0,0.0
adventuregame,gemma-2-9b-it-q5,multiple_exits_to,0.0,0.0,0.0,0.0,0.0,0.0,0.0
adventuregame,gemma-2-9b-it-q5,no_exit_to,1.984375,3.0576066348262225,9.348958333333336,0.5,12.0,0.0,1.7417174474635861
adventuregame,gemma-2-9b-it-q5,not_room_type,0.4375,1.4128098761092187,1.996031746031746,0.0,7.0,0.0,3.913763849860561
adventuregame,gemma-2-9b-it-q5,other_room_argument,0.0,0.0,0.0,0.0,0.0,0.0,0.0
adventuregame,gemma-2-9b-it-q5,plan_average_viability_ratio,0.03918731405290738,0.09077834031615493,0.008240707070555641,0.0,0.4545454545454545,0.0,3.2359011081744105
adventuregame,gemma-2-9b-it-q5,plan_followed_ratio,0.05272830759609639,0.11526046917384328,0.013284975754174476,0.0,0.5,0.0,2.75695116928407
adventuregame,gemma-2-9b-it-q5,pre_state_mismatch,0.234375,0.886265349565958,0.7854662698412698,0.0,6.0,0.0,5.163664992093559
adventuregame,gemma-2-9b-it-q5,successful_actions,16.109375,11.102862761825731,123.2735615079365,12.0,43.0,2.0,0.514176546976979
adventuregame,gemma-2-9b-it-q5,taking_from_inventory,0.0,0.0,0.0,0.0,0.0,0.0,0.0
adventuregame,gemma-2-9b-it-q5,thing_arg1_room,0.0,0.0,0.0,0.0,0.0,0.0,0.0
adventuregame,gemma-2-9b-it-q5,thing_arg2_room,0.0,0.0,0.0,0.0,0.0,0.0,0.0
adventuregame,gemma-2-9b-it-q5,turn_limit_loss,0.5,0.5039526306789696,0.2539682539682539,0.5,1.0,0.0,0.0
adventuregame,gemma-2-9b-it-q5,turn_ratio,0.7035366931918656,0.39250878826187996,0.1540631488628093,0.925,1.0,0.0689655172413793,-1.419383327513781
adventuregame,gemma-2-9b-it-q5,turns_over_par,9.8,11.734564329364767,137.7,3.0,27.0,0.0,0.9622183205518366
adventuregame,gemma-2-9b-it-q5,undefined_action,0.0,0.0,0.0,0.0,0.0,0.0,0.0
adventuregame,gemma-2-9b-it-q5,undefined_action_verb,9.734375,11.172872742381895,124.83308531746033,5.5,35.0,0.0,0.7358672132305059
adventuregame,gemma-2-9b-it-q5,undefined_argument_type,0.0,0.0,0.0,0.0,0.0,0.0,0.0
adventuregame,gemma-2-9b-it-q5,undefined_repr_str,0.1875,0.9063269671749656,0.8214285714285713,0.0,7.0,0.0,7.0090611874556625
adventuregame,gemma-7b-it,Aborted,0.78125,0.4166666666666667,0.1736111111111111,1.0,1.0,0.0,-1.3935483870967744
adventuregame,gemma-7b-it,Lose,0.21875,0.4166666666666667,0.1736111111111111,0.0,1.0,0.0,1.3935483870967744
adventuregame,gemma-7b-it,Main Score,1.5624999999999998,9.257605672450959,85.70326278659616,0.0,66.66666666666666,0.0,6.356119045446983
adventuregame,gemma-7b-it,Parsed Request Count,15.046875,18.950587114496663,359.124751984127,6.0,50.0,1.0,1.2881615704288334
adventuregame,gemma-7b-it,Played,0.21875,0.4166666666666667,0.1736111111111111,0.0,1.0,0.0,1.3935483870967744
adventuregame,gemma-7b-it,Request Count,15.828125,18.540864081078208,343.7636408730161,7.0,50.0,2.0,1.2838272776432396
adventuregame,gemma-7b-it,Request Success Ratio,0.8263653242093939,0.15081639580975315,0.022745585245044126,0.8571428571428571,1.0,0.5,-0.9035964870184613
adventuregame,gemma-7b-it,Success,0.0,0.0,0.0,0.0,0.0,0.0,0.0
adventuregame,gemma-7b-it,Violated Request Count,0.78125,0.4166666666666667,0.1736111111111111,1.0,1.0,0.0,-1.3935483870967744
adventuregame,gemma-7b-it,achieved_goal_ratio,0.015624999999999998,0.09257605672450954,0.008570326278659607,0.0,0.6666666666666666,0.0,6.356119045446984
adventuregame,gemma-7b-it,action_parsing_fail,9.671875,16.92378310318971,286.41443452380946,2.0,49.0,0.0,1.6001988004262961
adventuregame,gemma-7b-it,action_resolution_fail,3.515625,8.596773458041621,73.90451388888889,2.0,50.0,0.0,5.158241654306554
adventuregame,gemma-7b-it,bad_plan_dismiss_ratio,0.9236432453416149,0.17638431297699522,0.031111425864366608,1.0,1.0,0.3333333333333333,-2.079997976928679
adventuregame,gemma-7b-it,bad_plan_follow_ratio,0.0763567546583851,0.17638431297699525,0.03111142586436661,0.0,0.6666666666666666,0.0,2.0799979769286807
adventuregame,gemma-7b-it,entity_already_inventory,0.0,0.0,0.0,0.0,0.0,0.0,0.0
adventuregame,gemma-7b-it,entity_not_accessible,3.3125,8.629728977333079,74.47222222222223,2.0,50.0,0.0,5.167482479380641
adventuregame,gemma-7b-it,finish_speed,,,,,,,
adventuregame,gemma-7b-it,going_to_current_room,0.0,0.0,0.0,0.0,0.0,0.0,0.0
adventuregame,gemma-7b-it,hallucination_count,0.09375,0.29378482569650155,0.0863095238095238,0.0,1.0,0.0,2.854843423008496
adventuregame,gemma-7b-it,lark_exception,4.75,11.392004993756707,129.77777777777777,0.0,42.0,0.0,2.3412403938826256
adventuregame,gemma-7b-it,malformed_command,0.140625,0.49975192258458,0.24975198412698404,0.0,3.0,0.0,4.224987621308745
adventuregame,gemma-7b-it,manipulating_room,0.0,0.0,0.0,0.0,0.0,0.0,0.0
adventuregame,gemma-7b-it,multiple_entity_ambiguity,0.0,0.0,0.0,0.0,0.0,0.0,0.0
adventuregame,gemma-7b-it,multiple_exits_to,0.0,0.0,0.0,0.0,0.0,0.0,0.0
adventuregame,gemma-7b-it,no_exit_to,0.140625,0.39308254716902513,0.15451388888888887,0.0,2.0,0.0,2.8906937474330747
adventuregame,gemma-7b-it,not_room_type,0.046875,0.27772817017352874,0.07713293650793653,0.0,2.0,0.0,6.356119045446983
adventuregame,gemma-7b-it,other_room_argument,0.015625,0.125,0.015625,0.0,1.0,0.0,8.000000000000002
adventuregame,gemma-7b-it,plan_average_viability_ratio,0.016741071428571425,0.06936645280322754,0.004811704774502394,0.0,0.5,0.0,5.839545522421474
adventuregame,gemma-7b-it,plan_followed_ratio,0.08379723084886129,0.18420676274578893,0.03393213144128337,0.0,0.6666666666666666,0.0,1.9501447153223306
adventuregame,gemma-7b-it,pre_state_mismatch,0.015625,0.125,0.015625000000000003,0.0,1.0,0.0,8.000000000000002
adventuregame,gemma-7b-it,successful_actions,1.859375,1.4786006630036794,2.1862599206349205,1.0,8.0,0.0,1.7400008174593156
adventuregame,gemma-7b-it,taking_from_inventory,0.0,0.0,0.0,0.0,0.0,0.0,0.0
adventuregame,gemma-7b-it,thing_arg1_room,0.0,0.0,0.0,0.0,0.0,0.0,0.0
adventuregame,gemma-7b-it,thing_arg2_room,0.0,0.0,0.0,0.0,0.0,0.0,0.0
adventuregame,gemma-7b-it,turn_limit_loss,0.21875,0.4166666666666667,0.1736111111111111,0.0,1.0,0.0,1.3935483870967744
adventuregame,gemma-7b-it,turn_ratio,,,,,,,
adventuregame,gemma-7b-it,turns_over_par,,,,,,,
adventuregame,gemma-7b-it,undefined_action,0.0,0.0,0.0,0.0,0.0,0.0,0.0
adventuregame,gemma-7b-it,undefined_action_verb,4.53125,9.859277719126139,97.20535714285712,1.0,43.0,0.0,3.1340719779054145
adventuregame,gemma-7b-it,undefined_argument_type,0.0,0.0,0.0,0.0,0.0,0.0,0.0
adventuregame,gemma-7b-it,undefined_repr_str,0.234375,0.5268109356351309,0.27752976190476203,0.0,2.0,0.0,2.228181386242113
adventuregame,gemma2-9b-it,Aborted,0.5625,0.5,0.25,1.0,1.0,0.0,-0.2580645161290323
adventuregame,gemma2-9b-it,Lose,0.296875,0.4604927485081295,0.2120535714285714,0.0,1.0,0.0,0.9106654557933266
adventuregame,gemma2-9b-it,Main Score,30.208333333333332,38.36092864570469,1471.5608465608468,0.0,100.0,0.0,0.7688494251864055
adventuregame,gemma2-9b-it,Parsed Request Count,31.53125,14.844130634217494,220.34821428571428,29.5,50.0,7.0,0.027040931931963483
adventuregame,gemma2-9b-it,Played,0.4375,0.49999999999999994,0.24999999999999997,0.0,1.0,0.0,0.2580645161290323
adventuregame,gemma2-9b-it,Request Count,32.09375,14.624092700116043,213.86408730158735,30.5,50.0,8.0,-0.016677845003603513
adventuregame,gemma2-9b-it,Request Success Ratio,0.9747056487062489,0.028025186881943994,0.0007854110997678856,0.9755952380952381,1.0,0.875,-1.1187027007167119
adventuregame,gemma2-9b-it,Success,0.140625,0.3503824441133676,0.12276785714285716,0.0,1.0,0.0,2.1175018792634255
adventuregame,gemma2-9b-it,Violated Request Count,0.5625,0.5,0.25,1.0,1.0,0.0,-0.2580645161290323
adventuregame,gemma2-9b-it,achieved_goal_ratio,0.3020833333333333,0.3836092864570469,0.14715608465608468,0.0,1.0,0.0,0.7688494251864055
adventuregame,gemma2-9b-it,action_parsing_fail,11.34375,13.239213938685547,175.27678571428567,7.5,44.0,0.0,0.9751825098624708
adventuregame,gemma2-9b-it,action_resolution_fail,4.9375,5.5172888442129056,30.440476190476183,3.0,26.0,0.0,2.0149589479709373
adventuregame,gemma2-9b-it,bad_plan_dismiss_ratio,0.9879614752024292,0.04403670643372549,0.0019392315135301195,1.0,1.0,0.736842105263158,-4.466540554599728
adventuregame,gemma2-9b-it,bad_plan_follow_ratio,0.012038524797570848,0.044036706433725474,0.0019392315135301186,0.0,0.2631578947368421,0.0,4.466540554599728
adventuregame,gemma2-9b-it,entity_already_inventory,0.015625,0.12499999999999999,0.015624999999999998,0.0,1.0,0.0,8.000000000000002
adventuregame,gemma2-9b-it,entity_not_accessible,2.40625,3.602110272145817,12.975198412698413,1.0,16.0,0.0,2.138296375054296
adventuregame,gemma2-9b-it,finish_speed,0.08507197673864339,0.06625053778806017,0.004389133757207189,0.0555555555555555,0.2142857142857143,0.0,0.7768056152070584
adventuregame,gemma2-9b-it,going_to_current_room,0.171875,0.7878982993754524,0.62078373015873,0.0,6.0,0.0,6.716943845004851
adventuregame,gemma2-9b-it,hallucination_count,0.078125,0.270489708750042,0.07316468253968257,0.0,1.0,0.0,3.2199662824892923
adventuregame,gemma2-9b-it,lark_exception,3.71875,6.144990862353882,37.7609126984127,0.0,23.0,0.0,1.5848818559719535
adventuregame,gemma2-9b-it,malformed_command,0.15625,0.8947598773387405,0.8005952380952379,0.0,7.0,0.0,7.367783622050685
adventuregame,gemma2-9b-it,manipulating_room,0.0,0.0,0.0,0.0,0.0,0.0,0.0
adventuregame,gemma2-9b-it,multiple_entity_ambiguity,0.0,0.0,0.0,0.0,0.0,0.0,0.0
adventuregame,gemma2-9b-it,multiple_exits_to,0.0,0.0,0.0,0.0,0.0,0.0,0.0
adventuregame,gemma2-9b-it,no_exit_to,1.484375,2.1675250131289565,4.698164682539683,1.0,11.0,0.0,2.39680218142348
adventuregame,gemma2-9b-it,not_room_type,0.546875,1.642005041269836,2.6961805555555554,0.0,11.0,0.0,4.655384160531323
adventuregame,gemma2-9b-it,other_room_argument,0.0,0.0,0.0,0.0,0.0,0.0,0.0
adventuregame,gemma2-9b-it,plan_average_viability_ratio,0.05284314597562602,0.11637638113391796,0.013543462085826937,0.0,0.6111111111111112,0.0,3.0461883746115164
adventuregame,gemma2-9b-it,plan_followed_ratio,0.04772087972334683,0.12960945970173332,0.01679861204417523,0.0,0.6666666666666666,0.0,3.213334359356994
adventuregame,gemma2-9b-it,pre_state_mismatch,0.3125,1.4240006242195884,2.0277777777777777,0.0,8.0,0.0,5.17661593600905
adventuregame,gemma2-9b-it,successful_actions,15.25,9.889869756954527,97.80952380952378,13.0,44.0,1.0,0.9460090860060946
adventuregame,gemma2-9b-it,taking_from_inventory,0.0,0.0,0.0,0.0,0.0,0.0,0.0
adventuregame,gemma2-9b-it,thing_arg1_room,0.0,0.0,0.0,0.0,0.0,0.0,0.0
adventuregame,gemma2-9b-it,thing_arg2_room,0.0,0.0,0.0,0.0,0.0,0.0,0.0
adventuregame,gemma2-9b-it,turn_limit_loss,0.296875,0.4604927485081295,0.2120535714285714,0.0,1.0,0.0,0.9106654557933266
adventuregame,gemma2-9b-it,turn_ratio,0.9149280232613566,0.06625053778806014,0.004389133757207185,0.9444444444444444,1.0,0.7857142857142857,-0.776805615207058
adventuregame,gemma2-9b-it,turns_over_par,2.888888888888889,1.9649710204252657,3.8611111111111103,2.0,6.0,0.0,0.1971843123264229
adventuregame,gemma2-9b-it,undefined_action,0.0,0.0,0.0,0.0,0.0,0.0,0.0
adventuregame,gemma2-9b-it,undefined_action_verb,7.40625,8.551837730653485,73.13392857142854,5.5,30.0,0.0,0.9902451726022645
adventuregame,gemma2-9b-it,undefined_argument_type,0.0,0.0,0.0,0.0,0.0,0.0,0.0
adventuregame,gemma2-9b-it,undefined_repr_str,0.0625,0.24397501823713325,0.0595238095238095,0.0,1.0,0.0,3.7021241477015328
adventuregame,openchat3.5,Aborted,1.0,0.0,0.0,1.0,1.0,1.0,0.0
adventuregame,openchat3.5,Lose,0.0,0.0,0.0,0.0,0.0,0.0,0.0
adventuregame,openchat3.5,Main Score,0.0,0.0,0.0,0.0,0.0,0.0,0.0
adventuregame,openchat3.5,Parsed Request Count,0.0,0.0,0.0,0.0,0.0,0.0,0.0
adventuregame,openchat3.5,Played,0.0,0.0,0.0,0.0,0.0,0.0,0.0
adventuregame,openchat3.5,Request Count,1.0,0.0,0.0,1.0,1.0,1.0,0.0
adventuregame,openchat3.5,Request Success Ratio,0.0,0.0,0.0,0.0,0.0,0.0,0.0
adventuregame,openchat3.5,Success,0.0,0.0,0.0,0.0,0.0,0.0,0.0
adventuregame,openchat3.5,Violated Request Count,1.0,0.0,0.0,1.0,1.0,1.0,0.0
adventuregame,openchat3.5,achieved_goal_ratio,0.0,0.0,0.0,0.0,0.0,0.0,0.0
adventuregame,openchat3.5,action_parsing_fail,0.0,0.0,0.0,0.0,0.0,0.0,0.0
adventuregame,openchat3.5,action_resolution_fail,0.0,0.0,0.0,0.0,0.0,0.0,0.0
adventuregame,openchat3.5,bad_plan_dismiss_ratio,1.0,0.0,0.0,1.0,1.0,1.0,0.0
adventuregame,openchat3.5,bad_plan_follow_ratio,0.0,0.0,0.0,0.0,0.0,0.0,0.0
adventuregame,openchat3.5,entity_already_inventory,0.0,0.0,0.0,0.0,0.0,0.0,0.0
adventuregame,openchat3.5,entity_not_accessible,0.0,0.0,0.0,0.0,0.0,0.0,0.0
adventuregame,openchat3.5,finish_speed,,,,,,,
adventuregame,openchat3.5,going_to_current_room,0.0,0.0,0.0,0.0,0.0,0.0,0.0
adventuregame,openchat3.5,hallucination_count,0.0,0.0,0.0,0.0,0.0,0.0,0.0
adventuregame,openchat3.5,lark_exception,0.0,0.0,0.0,0.0,0.0,0.0,0.0
adventuregame,openchat3.5,malformed_command,0.0,0.0,0.0,0.0,0.0,0.0,0.0
adventuregame,openchat3.5,manipulating_room,0.0,0.0,0.0,0.0,0.0,0.0,0.0
adventuregame,openchat3.5,multiple_entity_ambiguity,0.0,0.0,0.0,0.0,0.0,0.0,0.0
adventuregame,openchat3.5,multiple_exits_to,0.0,0.0,0.0,0.0,0.0,0.0,0.0
adventuregame,openchat3.5,no_exit_to,0.0,0.0,0.0,0.0,0.0,0.0,0.0
adventuregame,openchat3.5,not_room_type,0.0,0.0,0.0,0.0,0.0,0.0,0.0
adventuregame,openchat3.5,other_room_argument,0.0,0.0,0.0,0.0,0.0,0.0,0.0
adventuregame,openchat3.5,plan_average_viability_ratio,0.0,0.0,0.0,0.0,0.0,0.0,0.0
adventuregame,openchat3.5,plan_followed_ratio,0.0,0.0,0.0,0.0,0.0,0.0,0.0
adventuregame,openchat3.5,pre_state_mismatch,0.0,0.0,0.0,0.0,0.0,0.0,0.0
adventuregame,openchat3.5,successful_actions,0.0,0.0,0.0,0.0,0.0,0.0,0.0
adventuregame,openchat3.5,taking_from_inventory,0.0,0.0,0.0,0.0,0.0,0.0,0.0
adventuregame,openchat3.5,thing_arg1_room,0.0,0.0,0.0,0.0,0.0,0.0,0.0
adventuregame,openchat3.5,thing_arg2_room,0.0,0.0,0.0,0.0,0.0,0.0,0.0
adventuregame,openchat3.5,turn_limit_loss,0.0,0.0,0.0,0.0,0.0,0.0,0.0
adventuregame,openchat3.5,turn_ratio,,,,,,,
adventuregame,openchat3.5,turns_over_par,,,,,,,
adventuregame,openchat3.5,undefined_action,0.0,0.0,0.0,0.0,0.0,0.0,0.0
adventuregame,openchat3.5,undefined_action_verb,0.0,0.0,0.0,0.0,0.0,0.0,0.0
adventuregame,openchat3.5,undefined_argument_type,0.0,0.0,0.0,0.0,0.0,0.0,0.0
adventuregame,openchat3.5,undefined_repr_str,0.0,0.0,0.0,0.0,0.0,0.0,0.0
adventuregame,openchat3.5-GGUF-q5,Aborted,0.328125,0.4732423621500228,0.22395833333333331,0.0,1.0,0.0,0.7498033524837572
adventuregame,openchat3.5-GGUF-q5,Lose,0.640625,0.4836103475464192,0.23387896825396834,1.0,1.0,0.0,-0.600323343199961
adventuregame,openchat3.5-GGUF-q5,Main Score,10.937499999999998,23.04407822947596,531.029541446208,0.0,100.0,0.0,2.434940224205831
adventuregame,openchat3.5-GGUF-q5,Parsed Request Count,35.40625,20.457248298256243,418.499007936508,50.0,50.0,1.0,-0.7957394706547013
adventuregame,openchat3.5-GGUF-q5,Played,0.671875,0.4732423621500228,0.22395833333333331,1.0,1.0,0.0,-0.7498033524837572
adventuregame,openchat3.5-GGUF-q5,Request Count,35.734375,20.019230585963292,400.7695932539682,50.0,50.0,2.0,-0.7995631881111076
adventuregame,openchat3.5-GGUF-q5,Request Success Ratio,0.9273629556100722,0.1405174436441513,0.01974515196828724,1.0,1.0,0.5,-2.0943871552359123
adventuregame,openchat3.5-GGUF-q5,Success,0.03125,0.17536809360305045,0.030753968253968263,0.0,1.0,0.0,5.518346670714096
adventuregame,openchat3.5-GGUF-q5,Violated Request Count,0.328125,0.4732423621500228,0.22395833333333331,0.0,1.0,0.0,0.7498033524837572
adventuregame,openchat3.5-GGUF-q5,achieved_goal_ratio,0.109375,0.2304407822947596,0.05310295414462079,0.0,1.0,0.0,2.4349402242058305
adventuregame,openchat3.5-GGUF-q5,action_parsing_fail,5.78125,14.265586018262429,203.50694444444449,0.0,49.0,0.0,2.5114450512194795
adventuregame,openchat3.5-GGUF-q5,action_resolution_fail,14.234375,12.526469989459336,156.9124503968254,13.5,46.0,0.0,0.2911411374373702
adventuregame,openchat3.5-GGUF-q5,bad_plan_dismiss_ratio,0.9489983132676147,0.12285139711042442,0.015092465771983197,1.0,1.0,0.1999999999999999,-4.097964150493194
adventuregame,openchat3.5-GGUF-q5,bad_plan_follow_ratio,0.05100168673238526,0.1228513971104244,0.015092465771983194,0.0,0.8,0.0,4.097964150493194
adventuregame,openchat3.5-GGUF-q5,entity_already_inventory,0.078125,0.5134597092429678,0.2636408730158731,0.0,4.0,0.0,7.392713981391484
adventuregame,openchat3.5-GGUF-q5,entity_not_accessible,8.640625,8.269982413946483,68.39260912698411,7.0,24.0,0.0,0.4395565223487947
adventuregame,openchat3.5-GGUF-q5,finish_speed,0.24880952380952376,0.28452630004887264,0.0809552154195011,0.24880952380952376,0.4499999999999999,0.0476190476190476,
adventuregame,openchat3.5-GGUF-q5,going_to_current_room,0.53125,1.9838134672937053,3.9355158730158735,0.0,14.0,0.0,5.530542044014826
adventuregame,openchat3.5-GGUF-q5,hallucination_count,0.0625,0.24397501823713325,0.0595238095238095,0.0,1.0,0.0,3.7021241477015328
adventuregame,openchat3.5-GGUF-q5,lark_exception,0.890625,6.125971740214345,37.527529761904766,0.0,49.0,0.0,7.93398676799664
adventuregame,openchat3.5-GGUF-q5,malformed_command,0.5,4.0,16.000000000000004,0.0,32.0,0.0,8.000000000000002
adventuregame,openchat3.5-GGUF-q5,manipulating_room,0.0,0.0,0.0,0.0,0.0,0.0,0.0
adventuregame,openchat3.5-GGUF-q5,multiple_entity_ambiguity,0.0,0.0,0.0,0.0,0.0,0.0,0.0
adventuregame,openchat3.5-GGUF-q5,multiple_exits_to,0.0,0.0,0.0,0.0,0.0,0.0,0.0
adventuregame,openchat3.5-GGUF-q5,no_exit_to,4.40625,6.589358303897494,43.419642857142854,1.0,23.0,0.0,1.411899870630516
adventuregame,openchat3.5-GGUF-q5,not_room_type,0.140625,0.6634969288573794,0.4402281746031745,0.0,5.0,0.0,6.570038494342709
adventuregame,openchat3.5-GGUF-q5,other_room_argument,0.234375,1.5091486878054008,2.2775297619047628,0.0,12.0,0.0,7.7669347317114585
adventuregame,openchat3.5-GGUF-q5,plan_average_viability_ratio,0.018191376791101048,0.06517049863681605,0.004247193892571242,0.0,0.4666666666666666,0.0,5.728640312190397
adventuregame,openchat3.5-GGUF-q5,plan_followed_ratio,0.07204801632191338,0.14249518193141428,0.020304876873666857,0.0,0.8,0.0,2.79594437631617
adventuregame,openchat3.5-GGUF-q5,pre_state_mismatch,0.40625,1.87480157680245,3.5148809523809526,0.0,11.0,0.0,5.1863418248918025
adventuregame,openchat3.5-GGUF-q5,successful_actions,15.390625,11.489977948367361,132.01959325396822,18.5,45.0,0.0,0.113033082637666
adventuregame,openchat3.5-GGUF-q5,taking_from_inventory,0.09375,0.3435921354681384,0.11805555555555555,0.0,2.0,0.0,3.9810293215505657
adventuregame,openchat3.5-GGUF-q5,thing_arg1_room,0.0,0.0,0.0,0.0,0.0,0.0,0.0
adventuregame,openchat3.5-GGUF-q5,thing_arg2_room,0.0,0.0,0.0,0.0,0.0,0.0,0.0
adventuregame,openchat3.5-GGUF-q5,turn_limit_loss,0.640625,0.4836103475464192,0.23387896825396834,1.0,1.0,0.0,-0.600323343199961
adventuregame,openchat3.5-GGUF-q5,turn_ratio,0.7511904761904762,0.28452630004887275,0.08095521541950117,0.7511904761904762,0.9523809523809524,0.55,
adventuregame,openchat3.5-GGUF-q5,turns_over_par,10.0,11.313708498984761,128.0,10.0,18.0,2.0,
adventuregame,openchat3.5-GGUF-q5,undefined_action,0.0,0.0,0.0,0.0,0.0,0.0,0.0
adventuregame,openchat3.5-GGUF-q5,undefined_action_verb,3.375,11.335433978990988,128.49206349206347,0.0,48.0,0.0,3.584268370987717
adventuregame,openchat3.5-GGUF-q5,undefined_argument_type,0.0,0.0,0.0,0.0,0.0,0.0,0.0
adventuregame,openchat3.5-GGUF-q5,undefined_repr_str,0.71875,3.5387593108768303,12.522817460317459,0.0,25.0,0.0,5.9990401723894555
